Name,Email
Aarav Sharma,aarav.sharma500@examplemail.com
Aditi Patel,aditi.patel501@mailtest.com
Arjun Verma,arjun.verma502@demomail.net
Ananya Iyer,ananya.iyer503@sampleinbox.org
Rohan Mehta,rohan.mehta504@examplemail.com
Diya Joshi,diya.joshi505@mailtest.com
Vivaan Nair,vivaan.nair506@demomail.net
Isha Gupta,isha.gupta507@sampleinbox.org
Kabir Rao,kabir.rao508@examplemail.com
Kavya Reddy,kavya.reddy509@mailtest.com
Reyansh Choudhury,reyansh.choudhury510@demomail.net
Meera Deshmukh,meera.deshmukh511@sampleinbox.org
Aayan Kulkarni,aayan.kulkarni512@examplemail.com
Anika Mishra,anika.mishra513@mailtest.com
Krishna Singh,krishna.singh514@demomail.net
Pooja Trivedi,pooja.trivedi515@sampleinbox.org
Dev Mukhopadhyay,dev.mukhopadhyay516@examplemail.com
Sai Pillai,sai.pillai517@mailtest.com
Arnav Banerjee,arnav.banerjee518@demomail.net
Sanya Saxena,sanya.saxena519@sampleinbox.org
Aryan Kapoor,aryan.kapoor520@examplemail.com
Shruti Bhat,shruti.bhat521@mailtest.com
Ishaan Chatterji,ishaan.chatterji522@demomail.net
Riya Malhotra,riya.malhotra523@sampleinbox.org
Atharv Sen,atharv.sen524@examplemail.com
Tanisha Johri,tanisha.johri525@mailtest.com
Ganesh Hegde,ganesh.hegde526@demomail.net
Avani Ahuja,avani.ahuja527@sampleinbox.org
Advait Mahajan,advait.mahajan528@examplemail.com
Kriti Bajaj,kriti.bajaj529@mailtest.com
Pranav Khanna,pranav.khanna530@demomail.net
Myra Aggarwal,myra.aggarwal531@sampleinbox.org
Vihaan Grover,vihaan.grover532@examplemail.com
Sneha Das,sneha.das533@mailtest.com
Harsh Bose,harsh.bose534@demomail.net
Tanvi Datta,tanvi.datta535@sampleinbox.org
Shaurya Roy,shaurya.roy536@examplemail.com
Nehal Shah,nehal.shah537@mailtest.com
Dhruv Grewal,dhruv.grewal538@demomail.net
Ridhima Chawla,ridhima.chawla539@sampleinbox.org
Rudranil Sen,rudranil.sen540@examplemail.com
Priya Menon,priya.menon541@mailtest.com
Aarush Nambiar,aarush.nambiar542@demomail.net
Siddhi Prabhu,siddhi.prabhu543@sampleinbox.org
Aayush Bhatia,aayush.bhatia544@examplemail.com
Tara Sehgal,tara.sehgal545@mailtest.com
Yash Bhandari,yash.bhandari546@demomail.net
Navya Bansal,navya.bansal547@sampleinbox.org
Darsh Wagle,darsh.wagle548@examplemail.com
Simran Oberoi,simran.oberoi549@mailtest.com
Shreyas Lad,shreyas.lad550@demomail.net
Gauri Shinde,gauri.shinde551@sampleinbox.org
Ranveer Sawant,ranveer.sawant552@examplemail.com
Aditi Kamat,aditi.kamat553@mailtest.com
Rishi Phadke,rishi.phadke554@demomail.net
Ahana Shenoy,ahana.shenoy555@sampleinbox.org
Samarth Pai,samarth.pai556@examplemail.com
Nandini Nayak,nandini.nayak557@mailtest.com
Manish Mhatre,manish.mhatre558@demomail.net
Kajal Gavde,kajal.gavde559@sampleinbox.org
Tejas Salvi,tejas.salvi560@examplemail.com
Ritu Patil,ritu.patil561@mailtest.com
Jayesh More,jayesh.more562@demomail.net
Kiran Tambe,kiran.tambe563@sampleinbox.org
Nikhil Vichare,nikhil.vichare564@examplemail.com
Pallavi Kadam,pallavi.kadam565@mailtest.com
Abhishek Rane,abhishek.rane566@demomail.net
Mansi Joshi,mansi.joshi567@sampleinbox.org
Saurabh Karve,saurabh.karve568@examplemail.com
Aishwarya Kale,aishwarya.kale569@mailtest.com
Chinmay Marathe,chinmay.marathe570@demomail.net
Prisha Apte,prisha.apte571@sampleinbox.org
Siddharth Pendse,siddharth.pendse572@examplemail.com
Radhika Chitnis,radhika.chitnis573@mailtest.com
Varun Godbole,varun.godbole574@demomail.net
Janhvi Sahasrabudhe,janhvi.sahasrabudhe575@sampleinbox.org
Omkar Agashe,omkar.agashe576@examplemail.com
Shikha Oak,shikha.oak577@mailtest.com
Mayur Limaye,mayur.limaye578@demomail.net
Swati Date,swati.date579@sampleinbox.org
Gaurav Soman,gaurav.soman580@examplemail.com
Vaidehi Dixit,vaidehi.dixit581@mailtest.com
Pushkar Modak,pushkar.modak582@demomail.net
Amruta Bapat,amruta.bapat583@sampleinbox.org
Aniket Joglekar,aniket.joglekar584@examplemail.com
Rucha Kanitkar,rucha.kanitkar585@mailtest.com
Suyash Gore,suyash.gore586@demomail.net
Sayali Patwardhan,sayali.patwardhan587@sampleinbox.org
Rahul Dravid,rahul.dravid588@examplemail.com
Anjali Kumble,anjali.kumble589@mailtest.com
Sachin Gavaskar,sachin.gavaskar590@demomail.net
Deepa Shastri,deepa.shastri591@sampleinbox.org
Sourav Ganguly,sourav.ganguly592@examplemail.com
Lata Mangeshkar,lata.mangeshkar593@mailtest.com
Asha Bhosle,asha.bhosle594@demomail.net
Kishore Kumar,kishore.kumar595@sampleinbox.org
Mukesh Chand,mukesh.chand596@examplemail.com
Alka Yagnik,alka.yagnik597@mailtest.com
Udit Narayan,udit.narayan598@demomail.net
Kavita Krishnamurthy,kavita.krishnamurthy599@sampleinbox.org
Sonu Nigam,sonu.nigam600@examplemail.com
Shreya Ghoshal,shreya.ghoshal601@mailtest.com
Arijit Singh,arijit.singh602@demomail.net
Sunidhi Chauhan,sunidhi.chauhan603@sampleinbox.org
Armaan Malik,armaan.malik604@examplemail.com
Neeti Mohan,neeti.mohan605@mailtest.com
Jubin Nautiyal,jubin.nautiyal606@demomail.net
Palak Muchhal,palak.muchhal607@sampleinbox.org
Darshan Raval,darshan.raval608@examplemail.com
Tulsi Kumar,tulsi.kumar609@mailtest.com
Badshah Masih,badshah.masih610@demomail.net
Neha Kakkar,neha.kakkar611@sampleinbox.org
Raftaar Singh,raftaar.singh612@examplemail.com
Dhvani Bhanushali,dhvani.bhanushali613@mailtest.com
Guru Randhawa,guru.randhawa614@demomail.net
Kanika Kapoor,kanika.kapoor615@sampleinbox.org
Diljit Dosanjh,diljit.dosanjh616@examplemail.com
Jasleen Royal,jasleen.royal617@mailtest.com
Hardy Sandhu,hardy.sandhu618@demomail.net
Nupur Sanon,nupur.sanon619@sampleinbox.org
Milind Gaba,milind.gaba620@examplemail.com
Asees Kaur,asees.kaur621@mailtest.com
Arjun Kanungo,arjun.kanungo622@demomail.net
Jonita Gandhi,jonita.gandhi623@sampleinbox.org
Shalmali Kholgade,shalmali.kholgade624@examplemail.com
Benny Dayal,benny.dayal625@mailtest.com
Monali Thakur,monali.thakur626@demomail.net
Amit Trivedi,amit.trivedi627@sampleinbox.org
Nisha Shetty,nisha.shetty628@examplemail.com
Pritam Chakraborty,pritam.chakraborty629@mailtest.com
Aditi Rao,aditi.rao630@demomail.net
Vishal Dadlani,vishal.dadlani631@sampleinbox.org
Shekhar Ravjiani,shekhar.ravjiani632@examplemail.com
Anushka Manchanda,anushka.manchanda633@mailtest.com
Salim Merchant,salim.merchant634@demomail.net
Sulaiman Merchant,sulaiman.merchant635@sampleinbox.org
Richa Sharma,richa.sharma636@examplemail.com
Shankar Mahadevan,shankar.mahadevan637@mailtest.com
Loy Mendonsa,loy.mendonsa638@demomail.net
Ehsaan Noorani,ehsaan.noorani639@sampleinbox.org
Mahalakshmi Iyer,mahalakshmi.iyer640@examplemail.com
Clinton Cerejo,clinton.cerejo641@mailtest.com
Dominique Cerejo,dominique.cerejo642@demomail.net
Vijay Prakash,vijay.prakash643@sampleinbox.org
Sujatha Mohan,sujatha.mohan644@examplemail.com
Srinivas Raghavan,srinivas.raghavan645@mailtest.com
Chithira Krishnan,chithira.krishnan646@demomail.net
Karthik Kumar,karthik.kumar647@sampleinbox.org
Swarnalatha Devi,swarnalatha.devi648@examplemail.com
Hariharan Anantha,hariharan.anantha649@mailtest.com
Anuradha Sriram,anuradha.sriram650@demomail.net
Unni Krishnan,unni.krishnan651@sampleinbox.org
Sadhana Sargam,sadhana.sargam652@examplemail.com
Madushree Bhattacharya,madushree.bhattacharya653@mailtest.com
Udit Narayan,udit.narayan654@demomail.net
Sujata Bhattacharya,sujata.bhattacharya655@sampleinbox.org
Abhijeet Bhattacharya,abhijeet.bhattacharya656@examplemail.com
Poornima Shrestha,poornima.shrestha657@mailtest.com
Vinod Rathod,vinod.rathod658@demomail.net
Kavita Paudwal,kavita.paudwal659@sampleinbox.org
Anuradha Paudwal,anuradha.paudwal660@examplemail.com
Nitin Mukesh,nitin.mukesh661@mailtest.com
Hemlata Bali,hemlata.bali662@demomail.net
Suresh Wadkar,suresh.wadkar663@sampleinbox.org
Sharda Rajan,sharda.rajan664@examplemail.com
Mahendra Kapoor,mahendra.kapoor665@mailtest.com
Sudesh Bhosale,sudesh.bhosale666@demomail.net
Sapna Mukherjee,sapna.mukherjee667@sampleinbox.org
Bali Brahmbhatt,bali.brahmbhatt668@examplemail.com
Ila Arun,ila.arun669@mailtest.com
Altaf Raja,altaf.raja670@demomail.net
Sunita Rao,sunita.rao671@sampleinbox.org
Lucky Ali,lucky.ali672@examplemail.com
Alisha Chinai,alisha.chinai673@mailtest.com
Baba Sehgal,baba.sehgal674@demomail.net
Sagarika Mukherjee,sagarika.mukherjee675@sampleinbox.org
Shaan Mukherjee,shaan.mukherjee676@examplemail.com
Raageshwari Loomba,raageshwari.loomba677@mailtest.com
Remo Fernandes,remo.fernandes678@demomail.net
Anaida Parvaneh,anaida.parvaneh679@sampleinbox.org
Devang Patel,devang.patel680@examplemail.com
Suneeta Rao,suneeta.rao681@mailtest.com
Jasbir Jassi,jasbir.jassi682@demomail.net
Mehnaz Hoosein,mehnaz.hoosein683@sampleinbox.org
Sukhbir Singh,sukhbir.singh684@examplemail.com
Hema Sardesai,hema.sardesai685@mailtest.com
Daler Mehndi,daler.mehndi686@demomail.net
Mika Singh,mika.singh687@sampleinbox.org
Hans Raj,hans.raj688@examplemail.com
Sardool Sikander,sardool.sikander689@sampleinbox.org
Gurdas Maan,gurdas.maan690@examplemail.com
Harbhajan Mann,harbhajan.mann691@mailtest.com
Jazzy Bains,jazzy.bains692@demomail.net
Sukhwinder Singh,sukhwinder.singh693@sampleinbox.org
Bally Sagoo,bally.sagoo694@examplemail.com
Panjabi Mc,panjabi.mc695@mailtest.com
Apache Indian,apache.indian696@demomail.net
Jay Sean,jay.sean697@sampleinbox.org
Juggy D,juggy.d698@examplemail.com
Raghav Mathur,raghav.mathur699@mailtest.com
Rishi Rich,rishi.rich700@demomail.net
Hard Kaur,hard.kaur701@sampleinbox.org
Dr Zeus,dr.zeus702@examplemail.com
Bohemia David,bohemia.david703@mailtest.com
Yo Yo,yo.yo704@demomail.net
Honey Singh,honey.singh705@sampleinbox.org
Raftaar Nair,raftaar.nair706@examplemail.com
Badshah Shah,badshah.shah707@mailtest.com
Ikka Singh,ikka.singh708@demomail.net
Lil Golu,lil.golu709@sampleinbox.org
Fazilpuria Khan,fazilpuria.khan710@examplemail.com
Sukhe Muzical,sukhe.muzical711@mailtest.com
Jassi Gill,jassi.gill712@demomail.net
Babbal Rai,babbal.rai713@sampleinbox.org
Garry Sandhu,garry.sandhu714@examplemail.com
Amrit Maan,amrit.maan715@mailtest.com
Mankirt Aulakh,mankirt.aulakh716@demomail.net
Jass Manak,jass.manak717@sampleinbox.org
Gurnam Bhullar,gurnam.bhullar718@examplemail.com
Prabh Gill,prabh.gill719@mailtest.com
Ninja Singh,ninja.singh720@demomail.net
Ranjit Bawa,ranjit.bawa721@sampleinbox.org
Ammy Virk,ammy.virk722@examplemail.com
Kulwinder Billa,kulwinder.billa723@mailtest.com
Jordan Sandhu,jordan.sandhu724@demomail.net
B Praak,b.praak725@sampleinbox.org
Jaani Sufi,jaani.sufi726@examplemail.com
Akhil Sachdeva,akhil.achdeva727@mailtest.com
Milind Gaba,milind.gaba728@demomail.net
Suyyash Rai,suyyash.rai729@sampleinbox.org
Darshan Raval,darshan.raval730@examplemail.com
Arjun Kanungo,arjun.kanungo731@mailtest.com
Armaan Malik,armaan.malik732@demomail.net
Amaal Mallik,amaal.mallik733@sampleinbox.org
Tanishk Bagchi,tanishk.bagchi734@examplemail.com
Rochak Kohli,rochak.kohli735@mailtest.com
Mithoon Sharma,mithoon.sharma736@demomail.net
Jeet Gannguli,jeet.gannguli737@sampleinbox.org
Ankit Tiwari,ankit.tiwari738@examplemail.com
Amaal Mallik,amaal.mallik739@mailtest.com
Meet Bros,meet.bros740@demomail.net
Sachin Jigar,sachin.jigar741@sampleinbox.org
Ajay Atul,ajay.atul742@examplemail.com
Sajid Wajid,sajid.wajid743@mailtest.com
Anu Malik,anu.malik744@demomail.net
Aadesh Shrivastava,aadesh.shrivastava745@sampleinbox.org
Anand Milind,anand.milind746@examplemail.com
Nadeem Shravan,nadeem.shravan747@mailtest.com
Jatin Lalit,jatin.lalit748@demomail.net
Uttam Singh,uttam.singh749@sampleinbox.org
Vanraj Bhatia,vanraj.bhatia750@examplemail.com
Bappi Lahiri,bappi.lahiri751@mailtest.com
Rajesh Roshan,rajesh.roshan752@demomail.net
Kalyandji Anandji,kalyandji.anandji753@sampleinbox.org
Laxmikant Pyarelal,laxmikant.pyarelal754@examplemail.com
Shankar Jaikishan,shankar.jaikishan755@mailtest.com
Sachin Dev,sachin.dev756@demomail.net
Rahul Dev,rahul.dev757@sampleinbox.org
Salil Chowdhury,salil.chowdhury758@examplemail.com
Madan Mohan,madan.mohan759@mailtest.com
Naushad Ali,naushad.ali760@demomail.net
O P,o.p761@sampleinbox.org
Nayyar Singh,nayyar.singh762@examplemail.com
Khayyam Hashmi,khayyam.hashmi763@mailtest.com
Jaidev Verma,jaidev.verma764@demomail.net
Ravindra Jain,ravindra.jain765@sampleinbox.org
Hemant Kumar,hemant.kumar766@examplemail.com
Bhupen Hazarika,bhupen.hazarika767@mailtest.com
Salil Chowdhury,salil.chowdhury768@demomail.net
Srinivas Murthy,srinivas.murthy769@sampleinbox.org
Anirudh Ravichander,anirudh.ravichander770@examplemail.com
Santhosh Narayanan,santhosh.narayanan771@mailtest.com
Ghibran Vaithianathan,ghibran.vaithianathan772@demomail.net
D Imman,d.imman773@sampleinbox.org
Harris Jayaraj,harris.jayaraj774@examplemail.com
Yuvan Shankar,yuvan.shankar775@mailtest.com
Karthik Raja,karthik.raja776@demomail.net
Ilaiyaraaja Raja,ilaiyaraaja.raja777@sampleinbox.org
A R,a.r778@examplemail.com
Rahman Khan,rahman.khan779@mailtest.com
Vidya Sagar,vidya.sagar780@demomail.net
Deva Mani,deva.mani781@sampleinbox.org
Sirpy Narayanan,sirpy.narayanan782@examplemail.com
S A,s.a783@mailtest.com
Rajkumar S,rajkumar.s784@demomail.net
Bharadwaj Ram,bharadwaj.ram785@sampleinbox.org
G V,g.v786@examplemail.com
Prakash Kumar,prakash.kumar787@mailtest.com
Vijay Antony,vijay.antony788@demomail.net
Thaman S,thaman.s789@sampleinbox.org
Devi Sri,devi.sri790@examplemail.com
Prasad Rao,prasad.rao791@mailtest.com
M M,m.m792@demomail.net
Keeravani Kovali,keeravani.kovali793@sampleinbox.org
Koti Saluri,koti.saluri794@examplemail.com
Raj Koti,raj.koti795@mailtest.com
Vandemataram Srinivas,vandemataram.srinivas796@demomail.net
Chakri Gilla,chakri.gilla797@sampleinbox.org
Ramana Gogula,ramana.gogula798@examplemail.com
Mani Sharma,mani.sharma799@mailtest.com
R P,r.p800@demomail.net
Patnaik Kumar,patnaik.kumar801@sampleinbox.org
Sandeep Chowta,sandeep.chowta802@examplemail.com
Anoop Rubens,anoop.rubens803@mailtest.com
Sai Karthik,sai.karthik804@demomail.net
Radhan Kumar,radhan.kumar805@sampleinbox.org
Vivek Sagar,vivek.sagar806@examplemail.com
Mickey J,mickey.j807@mailtest.com
Meyer Kumar,meyer.kumar808@demomail.net
Kalyan Malik,kalyan.malik809@sampleinbox.org
Sricharan Pakala,sricharan.pakala810@examplemail.com
Chaitan Bharadwaj,chaitan.bharadwaj811@mailtest.com
Bheems Ceci累積o,bheems.ceci累積o812@demomail.net
Harshavardhan Rameshwar,harshavardhan.rameshwar813@sampleinbox.org
Justin Prabhakaran,justin.prabhakaran814@examplemail.com
Sean Roldan,sean.roldan815@mailtest.com
Pradeep Kumar,pradeep.kumar816@demomail.net
Santhosh Narayanan,santhosh.narayanan817@sampleinbox.org
Leon James,leon.james818@examplemail.com
Sam C,sam.c819@mailtest.com
S T,s.t820@demomail.net
Dharan Kumar,dharan.kumar821@sampleinbox.org
Vijay Ebenezer,vijay.ebenezer822@examplemail.com
Ramesh Vinayakam,ramesh.vinayakam823@mailtest.com
James Vasanthan,james.vasanthan824@demomail.net
Taj Noor,taj.noor825@sampleinbox.org
Nivas K,nivas.k826@examplemail.com
Prasanna Kumar,prasanna.kumar827@mailtest.com
Vishal Chandrashekhar,vishal.chandrashekhar828@demomail.net
Govind Vasantha,govind.vasantha829@sampleinbox.org
A H,a.h830@examplemail.com
Kaashif Rahman,kaashif.rahman831@mailtest.com
Siddhu Kumar,siddhu.kumar832@demomail.net
Darbuka Siva,darbuka.siva833@sampleinbox.org
Madley Blues,madley.blues834@examplemail.com
Karan Balakrishnan,karan.balakrishnan835@mailtest.com
Vidyasagar Ram,vidyasagar.ram836@demomail.net
Deepak Dev,deepak.dev837@sampleinbox.org
Rahul Raj,rahul.raj838@examplemail.com
Gopi Sundar,gopi.sundar839@mailtest.com
Bijibal Manayil,bijibal.manayil840@demomail.net
Shaan Rahman,shaan.rahman841@sampleinbox.org
Jakes Bejoy,jakes.bejoy842@examplemail.com
Sushin Shyam,sushin.shyam843@mailtest.com
Vishnu Vijay,vishnu.vijay844@demomail.net
Prashant Pillai,prashant.pillai845@demomail.net
Rex Vijayan,rex.vijayan846@sampleinbox.org
Neha Nair,neha.nair847@examplemail.com
Yakzan Gary,yakzan.gary848@mailtest.com
Shamik Prabhu,shamik.prabhu849@demomail.net
Mujeeb Majeed,mujeeb.majeed850@sampleinbox.org
Tony Joseph,tony.joseph851@examplemail.com
Sooraj Santhosh,sooraj.santhosh852@mailtest.com
Varun Sunil,varun.sunil853@demomail.net
Kailas Menon,kailas.menon854@sampleinbox.org
Ranjin Raj,ranjin.raj855@examplemail.com
4 Musics,4.musics856@mailtest.com
Mejo Joseph,mejo.joseph857@demomail.net
Alphonse Puthren,alphonse.puthren858@sampleinbox.org
Shabareesh Varma,shabareesh.varma859@examplemail.com
Anand Madhusoodanan,anand.madhusoodanan860@mailtest.com
Rahul Subrahmanian,rahul.subrahmanian861@demomail.net
Arun Muraleedharan,arun.muraleedharan862@sampleinbox.org
Sejo John,sejo.john863@examplemail.com
Sreejith Edavana,sreejith.edavana864@mailtest.com
Saachin Rajchel,saachin.rajchel865@demomail.net
Hari Narayanan,hari.narayanan866@sampleinbox.org
Manu Ramesan,manu.ramesan867@examplemail.com
Ouseppachan Mechery,ouseppachan.mechery868@mailtest.com
Johnson Master,johnson.master869@demomail.net
Raveendran Master,raveendran.master870@sampleinbox.org
M G,m.g871@examplemail.com
Radhakrishnan Nair,radhakrishnan.nair872@mailtest.com
Jerry Amaldev,jerry.amaldev873@demomail.net
Berny Ignatius,berny.ignatius874@sampleinbox.org
Syam Joseph,syam.joseph875@examplemail.com
Mohan Sithara,mohan.sithara876@mailtest.com
Vidyadharan Master,vidyadharan.master877@demomail.net
Perumbavoor G,perumbavoor.g878@examplemail.com
Raveendranathan Pillai,raveendranathan.pillai879@mailtest.com
Raghu Kumar,raghu.kumar870@demomail.net
S P,s.p871@sampleinbox.org
Venkatesh Babu,venkatesh.babu872@examplemail.com
Ilaiyaraaja Isai,ilaiyaraaja.isai873@mailtest.com
Rajamani Iyer,rajamani.iyer874@demomail.net
C Rajamani,c.rajamani875@sampleinbox.org
Mani Sharma,mani.sharma876@examplemail.com
Vidyasagar Ram,vidyasagar.ram877@mailtest.com
M M,m.m878@demomail.net
Keeravani Kovali,keeravani.kovali879@sampleinbox.org
L N,l.n880@examplemail.com
Shastri Kumar,shastri.kumar881@mailtest.com
Hamsalekha G,hamsalekha.g882@demomail.net
V Manohar,v.manohar883@sampleinbox.org
Sadhu Kokila,sadhu.kokila884@examplemail.com
Gurukiran Shetty,gurukiran.shetty885@mailtest.com
R P,r.p886@demomail.net
Patnaik Kumar,patnaik.kumar887@sampleinbox.org
Arjun Janya,arjun.janya888@examplemail.com
V Harikrishna,v.harikrishna889@mailtest.com
B Ajaneesh,b.ajaneesh890@demomail.net
Loknath Kumar,loknath.kumar891@sampleinbox.org
Charan Raj,charan.raj892@examplemail.com
Ravi Basrur,ravi.basrur893@mailtest.com
Anoop Seelin,anoop.seelin894@demomail.net
Midhun Mukundan,midhun.mukundan895@sampleinbox.org
Poornachandra Tejaswi,poornachandra.tejaswi896@examplemail.com
Judah Sandhy,judah.sandhy897@mailtest.com
Bharath B,bharath.b898@demomail.net
Jassie Gift,jassie.gift899@sampleinbox.org
Manikanth Kadri,manikanth.kadri900@examplemail.com
Abhiman Roy,abhiman.roy901@mailtest.com
Valisha Sandeep,valisha.sandeep902@demomail.net
Suddho Roy,suddho.roy903@sampleinbox.org
Ricky Kej,ricky.kej904@examplemail.com
Rajesh Ramanath,rajesh.ramanath905@mailtest.com
Stephen Prayog,stephen.prayog906@demomail.net
Emil Mohammed,emil.mohammed907@sampleinbox.org
Pradyumna Sharma,pradyumna.sharma908@examplemail.com
Kiran Ravindranath,kiran.ravindranath909@mailtest.com
Sai Kiran,sai.kiran910@demomail.net
Sridhar V,sridhar.v911@sampleinbox.org
Sambharasiv Rao,sambharasiv.rao912@examplemail.com
Gopala Krishna,gopala.krishna913@mailtest.com
K Raghavendra,k.raghavendra914@demomail.net
Rao Prasad,rao.prasad915@sampleinbox.org
Chakravarthy Appala,chakravarthy.appala916@examplemail.com
S P,s.p917@mailtest.com
Kodandapani Murthy,kodandapani.murthy918@demomail.net
T V,t.v919@sampleinbox.org
Raju Kumar,raju.kumar920@examplemail.com
Puhalendi S,puhalendi.s921@mailtest.com
Sathyam Chellapilla,sathyam.chellapilla922@demomail.net
Ramesh Naidu,ramesh.naidu923@sampleinbox.org
G K,g.k924@examplemail.com
Venkatesh Babu,venkatesh.babu925@mailtest.com
Vijayabhaskar S,vijayabhaskar.s926@demomail.net
T G,t.g927@sampleinbox.org
Lingappa Naidu,lingappa.naidu928@examplemail.com
Pendyala Nageswara,pendyala.nageswara929@mailtest.com
Rao Murthy,rao.murthy930@demomail.net
Ghantasala Venkateswararao,ghantasala.venkateswararao931@sampleinbox.org
Saluuri Rajeswararao,saluuri.rajeswararao932@examplemail.com
Ogilati Ramachandrarao,ogilati.ramachandrarao933@mailtest.com
S Rajeswararao,s.rajeswararao934@demomail.net
Master Venu,master.venu935@sampleinbox.org
K V,k.v936@examplemail.com
Mahadevan S,mahadevan.s937@mailtest.com
P Adinarayanarao,p.adinarayanarao938@demomail.net
Susarla Dakshinamurthi,susarla.dakshinamurthi939@sampleinbox.org
C R,c.r940@examplemail.com
Subbaraman S,subbaraman.s941@mailtest.com
G Ramanathan,g.ramanathan942@demomail.net
S M,s.m943@sampleinbox.org
Subbiah Naidu,subbiah.naidu944@examplemail.com
S V,s.v945@mailtest.com
Venkataraman R,venkataraman.r946@demomail.net
T R,t.r947@sampleinbox.org
Pappa Mani,pappa.mani948@examplemail.com
K N,k.n949@mailtest.com
Dandayudhapani Pillai,dandayudhapani.pillai950@demomail.net
Sudarsanam R,sudarsanam.r951@sampleinbox.org
T G,t.g952@examplemail.com
Lingappa Naidu,lingappa.naidu953@mailtest.com
C N,c.n954@demomail.net
Pandurangan S,pandurangan.s955@sampleinbox.org
M S,m.s956@examplemail.com
Viswanathan Ramamoorthy,viswanathan.ramamoorthy957@mailtest.com
T K,t.k958@demomail.net
Ramamoorthy N,ramamoorthy.n959@sampleinbox.org
K V,k.v960@examplemail.com
Mahadevan S,mahadevan.s961@mailtest.com
V Kumar,v.kumar962@demomail.net
Shankar Ganesh,shankar.ganesh963@sampleinbox.org
Ganesh Ram,ganesh.ram964@examplemail.com
Chandrabose S,chandrabose.s965@mailtest.com
Gangai Amaran,gangai.amaran966@demomail.net
Deendayal R,deendayal.r967@sampleinbox.org
Shyam Kumar,shyam.kumar968@examplemail.com
Mohan Sitara,mohan.sitara969@mailtest.com
A T,a.t970@demomail.net
Ummer Haji,ummer.haji971@sampleinbox.org
R K,r.k972@examplemail.com
Shekhar Rao,shekhar.rao973@mailtest.com
K Raghavan,k.raghavan974@demomail.net
M S,m.s975@sampleinbox.org
Baburaj Master,baburaj.master976@examplemail.com
G Devarajan,g.devarajan977@mailtest.com
V Dakshinamoorthy,v.dakshinamoorthy978@demomail.net
M K,m.k979@sampleinbox.org
Arjunan Master,arjunan.master980@examplemail.com
A T,a.t981@mailtest.com
Ummer Haji,ummer.haji982@demomail.net
R K,r.k983@sampleinbox.org
Shekhar Rao,shekhar.rao984@examplemail.com
K Raghavan,k.raghavan985@examplemail.com
M S,m.s986@mailtest.com
Baburaj Master,baburaj.master987@demomail.net
G Devarajan,g.devarajan988@sampleinbox.org
V Dakshinamoorthy,v.dakshinamoorthy989@examplemail.com
M K,m.k990@mailtest.com
Arjunan Master,arjunan.master991@demomail.net
Salil Chowdhury,salil.chowdhury992@sampleinbox.org
M B,m.b993@examplemail.com
Sreenivasan Master,sreenivasan.master994@mailtest.com
Shyam Kumar,shyam.kumar995@demomail.net
A T,a.t996@sampleinbox.org
Ummer Haji,ummer.haji997@examplemail.com
R K,r.k998@mailtest.com
Shekhar Rao,shekhar.rao999@demomail.net